scenario,region,LandLeaf,1990,2005,2010,2015,2020,2025,2030,2035,2040,2045,2050,unit
"Reference,date=2024-26-10T11:33:32-04:00",Africa_Eastern,biomass,0,0,0,0,0,24.93890411,46.29974137,63.82259251,81.84158487,101.4148026,118.2484086,thous km2
"Reference,date=2024-26-10T11:33:32-04:00",Africa_Eastern,crops,319.163908,435.6209944,459.1029491,543.936404,591.8430078,628.2322352,664.9674478,699.212572,728.0832277,754.8745593,779.9959368,thous km2
"Reference,date=2024-26-10T11:33:32-04:00",Africa_Eastern,forest (managed),12.5726713,16.2208527,19.16629861,24.0741108,26.19008599,28.21076727,30.22642653,31.95755907,33.34838697,34.39655563,35.08794412,thous km2
"Reference,date=2024-26-10T11:33:32-04:00",Africa_Eastern,forest (unmanaged),147.6777651,126.6568622,116.0143795,102.3399435,99.28084047,95.77679035,91.16118362,86.30907471,81.46829592,76.60511902,71.95894535,thous km2
"Reference,date=2024-26-10T11:33:32-04:00",Africa_Eastern,grass,1089.50272,1090.70194,1064.428633,971.6482,940.1695124,903.3602419,856.5417937,808.3178977,760.6461541,712.9068332,667.5019946,thous km2
"Reference,date=2024-26-10T11:33:32-04:00",Africa_Eastern,otherarable,116.3465663,119.9837274,124.9518485,158.4608344,145.7755795,131.2254889,115.3796288,100.7405332,87.4541347,75.0910654,64.2326054,thous km2
"Reference,date=2024-26-10T11:33:32-04:00",Africa_Eastern,pasture (grazed),465.460977,658.805979,741.36917,763.30577,861.68981,968.37168,1115.53325,1268.21703,1417.24195,1561.238,1694.74117,thous km2
"Reference,date=2024-26-10T11:33:32-04:00",Africa_Eastern,pasture (other),2132.47363,1863.852214,1789.976904,1767.617991,1679.330641,1578.765741,1458.030691,1339.730281,1228.283533,1121.958701,1025.953419,thous km2
"Reference,date=2024-26-10T11:33:32-04:00",Africa_Eastern,rock and desert,938.54368,924.34004,922.8942999,914.44174,914.44174,914.44174,914.44174,914.44174,914.44174,914.44174,914.44174,thous km2
"Reference,date=2024-26-10T11:33:32-04:00",Africa_Eastern,shrubs,594.91214,578.0698,575.339551,565.80265,552.905466,538.303684,519.044086,498.876372,478.815295,458.698916,439.463297,thous km2
"Reference,date=2024-26-10T11:33:32-04:00",Africa_Eastern,urban,3.18541,5.58605,6.5968851,8.2136,8.2136,8.2136,8.2136,8.2136,8.2136,8.2136,8.2136,thous km2
"Reference,date=2024-26-10T11:33:32-04:00",Africa_Northern,biomass,0,0,0,0,0,0.266886337,0.772369296,1.507372455,2.548947698,3.950660149,5.428730947,thous km2
"Reference,date=2024-26-10T11:33:32-04:00",Africa_Northern,crops,170.1465896,193.4565164,198.779106,201.6698358,206.4133096,217.9765349,226.7411645,237.397445,248.4928767,259.5161625,268.8879586,thous km2
"Reference,date=2024-26-10T11:33:32-04:00",Africa_Northern,forest (managed),2.12227,2.39191,2.37091,1.70771,1.81919956,1.97131913,2.11938351,2.26456065,2.39890714,2.52158962,2.63138545,thous km2
"Reference,date=2024-26-10T11:33:32-04:00",Africa_Northern,forest (unmanaged),0,0,0,0,0,0,0,0,0,0,0,thous km2
"Reference,date=2024-26-10T11:33:32-04:00",Africa_Northern,grass,88.32713,54.49674,53.2072,50.72815,50.464272,49.769487,49.160052,48.494055,47.795904,47.074586,46.434823,thous km2
"Reference,date=2024-26-10T11:33:32-04:00",Africa_Northern,otherarable,95.63297,83.523199,82.681052,89.5538,87.62655,83.34966,79.91516,75.80984,71.5855,67.29047,63.49318,thous km2
"Reference,date=2024-26-10T11:33:32-04:00",Africa_Northern,pasture (grazed),14.31009,22.8634,26.84549,33.1343,35.29,38.19531,41.05125,43.90841,46.69519,49.38079,51.8729,thous km2
"Reference,date=2024-26-10T11:33:32-04:00",Africa_Northern,pasture (other),724.7854,746.5312,742.9468,736.5512,732.1205,723.0397,715.513,706.7098,697.4613,688.1645,679.9767,thous km2
"Reference,date=2024-26-10T11:33:32-04:00",Africa_Northern,rock and desert,4587.08897,4580.75917,4578.68936,4577.42712,4577.42712,4577.42712,4577.42712,4577.42712,4577.42712,4577.42712,4577.42712,thous km2
"Reference,date=2024-26-10T11:33:32-04:00",Africa_Northern,shrubs,72.47775,68.31214,65.78371,59.3818,58.993023,58.1579356,57.4546844,56.6355756,55.74829358,54.82833936,54.00124937,thous km2
"Reference,date=2024-26-10T11:33:32-04:00",Africa_Northern,urban,6.15737,8.71284,9.74701,10.89136,10.89136,10.89136,10.89136,10.89136,10.89136,10.89136,10.89136,thous km2
"Reference,date=2024-26-10T11:33:32-04:00",Africa_Southern,biomass,0,0,0,0,0,12.47850392,25.02686099,36.96866955,49.98615559,65.40506645,80.42002968,thous km2
"Reference,date=2024-26-10T11:33:32-04:00",Africa_Southern,crops,189.2245328,262.3196478,316.5334156,359.9508337,382.791713,408.2099921,441.3109574,476.7166703,510.8888405,544.6217366,576.8480669,thous km2
"Reference,date=2024-26-10T11:33:32-04:00",Africa_Southern,forest (managed),24.6745456,32.3930877,33.1357251,37.8373271,40.5348232,43.5555272,46.5918797,49.6159339,52.5552158,55.4285325,58.1402543,thous km2
"Reference,date=2024-26-10T11:33:32-04:00",Africa_Southern,forest (unmanaged),587.7326569,572.3282979,559.8991579,533.8479119,527.8419099,516.7868819,502.6026379,486.9470079,470.9371679,454.3325416,437.8785764,thous km2
"Reference,date=2024-26-10T11:33:32-04:00",Africa_Southern,grass,2011.82171,1964.10457,1914.94267,1826.922,1808.17077,1774.54395,1731.18907,1683.999739,1635.963157,1586.284952,1537.166812,thous km2
"Reference,date=2024-26-10T11:33:32-04:00",Africa_Southern,otherarable,103.024699,42.0662921,49.356929,117.381541,113.506926,107.226645,99.877263,92.280663,85.139074,78.242681,71.930232,thous km2
"Reference,date=2024-26-10T11:33:32-04:00",Africa_Southern,pasture (grazed),247.2633,344.633591,416.927438,507.170873,544.736497,615.466518,708.622795,811.343092,915.01809,1020.01464,1123.18901,thous km2
"Reference,date=2024-26-10T11:33:32-04:00",Africa_Southern,pasture (other),1933.086204,1877.310763,1805.022905,1714.845023,1682.515593,1625.813053,1554.111893,1477.302433,1400.671213,1323.010903,1247.918873,thous km2
"Reference,date=2024-26-10T11:33:32-04:00",Africa_Southern,rock and desert,154.78993,154.46232,154.12419,153.7390858,153.7390858,153.7390858,153.7390858,153.7390858,153.7390858,153.7390858,153.7390858,thous km2
"Reference,date=2024-26-10T11:33:32-04:00",Africa_Southern,shrubs,337.26162,336.49484,335.05074,331.7253145,329.5845694,325.6011693,320.3484054,314.5058484,308.5222715,302.3403301,296.1890873,thous km2
"Reference,date=2024-26-10T11:33:32-04:00",Africa_Southern,urban,3.71977,6.48585,7.60726,9.1793989,9.1793989,9.1793989,9.1793989,9.1793989,9.1793989,9.1793989,9.1793989,thous km2
"Reference,date=2024-26-10T11:33:32-04:00",Africa_Western,biomass,0,0,0,0,0,77.24686773,132.0119293,182.5366588,237.3992108,301.0132823,362.4562211,thous km2
"Reference,date=2024-26-10T11:33:32-04:00",Africa_Western,crops,744.8087468,1010.189895,1108.785289,1259.923103,1326.660104,1407.348587,1500.064888,1594.026193,1681.130805,1766.82782,1849.656067,thous km2
"Reference,date=2024-26-10T11:33:32-04:00",Africa_Western,forest (managed),36.2869927,42.3634805,42.754747,47.5545187,51.00991826,54.95966665,58.96651736,63.31578215,67.75741631,72.26904071,76.74327928,thous km2
"Reference,date=2024-26-10T11:33:32-04:00",Africa_Western,forest (unmanaged),2300.854103,2227.624824,2214.926879,2182.558959,2164.114713,2127.270159,2087.530161,2045.041154,1999.894546,1950.568791,1899.669499,thous km2
"Reference,date=2024-26-10T11:33:32-04:00",Africa_Western,grass,2549.48217,2406.01411,2345.13756,2268.62656,2241.714039,2185.141398,2126.121117,2062.790115,1998.118649,1929.957216,1862.311611,thous km2
"Reference,date=2024-26-10T11:33:32-04:00",Africa_Western,otherarable,185.496065,129.7730821,110.3737368,75.0018364,71.73683169,65.03230399,58.92068246,53.03150551,47.58550503,42.3169721,37.55505816,thous km2
"Reference,date=2024-26-10T11:33:32-04:00",Africa_Western,pasture (grazed),244.3564221,326.018419,434.1945912,502.6218213,543.1311292,612.6514551,694.7117799,791.6503492,888.6205072,984.4713602,1076.809898,thous km2
"Reference,date=2024-26-10T11:33:32-04:00",Africa_Western,pasture (other),2259.050312,2207.619549,2092.387254,2011.017104,1952.325078,1828.37041,1707.126096,1581.281132,1461.156041,1342.314409,1232.203064,thous km2
"Reference,date=2024-26-10T11:33:32-04:00",Africa_Western,rock and desert,2690.32976,2679.61445,2679.1536,2678.29155,2678.29155,2678.29155,2678.29155,2678.29155,2678.29155,2678.29155,2678.29155,thous km2
"Reference,date=2024-26-10T11:33:32-04:00",Africa_Western,shrubs,305.43668,280.13933,278.499856,276.527592,273.1352172,265.800627,258.3702349,250.1486863,242.1630798,234.0833799,226.4216342,thous km2
"Reference,date=2024-26-10T11:33:32-04:00",Africa_Western,urban,10.16607,16.90605,20.05617,24.14843,24.14843,24.14843,24.14843,24.14843,24.14843,24.14843,24.14843,thous km2
"Reference,date=2024-26-10T11:33:32-04:00",Argentina,biomass,0,0,0,0,0,1.251298858,3.344421053,6.065893536,9.895566219,15.17658413,20.79303888,thous km2
"Reference,date=2024-26-10T11:33:32-04:00",Argentina,crops,272.0057092,296.7409172,343.8005394,395.9142734,404.021013,419.9883282,430.6905518,439.8461028,451.4901793,465.8884557,478.0075946,thous km2
"Reference,date=2024-26-10T11:33:32-04:00",Argentina,forest (managed),21.1853484,28.277661,30.7182364,37.4140974,38.1253354,40.0921738,41.7015428,43.2652681,44.7053539,45.9223457,46.9212186,thous km2
"Reference,date=2024-26-10T11:33:32-04:00",Argentina,forest (unmanaged),139.0572687,127.9766591,122.2287571,111.1787968,110.4687848,108.2938997,106.6372981,105.1114438,103.3673567,101.3512224,99.51736774,thous km2
"Reference,date=2024-26-10T11:33:32-04:00",Argentina,grass,810.3645186,861.042255,780.77013,720.733398,718.108749,709.949581,703.76609,698.101152,691.693521,684.349833,677.681891,thous km2
"Reference,date=2024-26-10T11:33:32-04:00",Argentina,otherarable,1.909873601,8.0045292,37.9982393,73.18481441,71.71986895,67.89705101,65.13893808,62.68214783,59.94792556,56.8845288,54.21389022,thous km2
"Reference,date=2024-26-10T11:33:32-04:00",Argentina,pasture (grazed),183.6346378,399.357181,370.502501,351.600923,354.078278,371.498073,384.36922,395.580504,405.578686,414.599299,422.768529,thous km2
"Reference,date=2024-26-10T11:33:32-04:00",Argentina,pasture (other),816.4917687,640.9953395,715.8343323,733.1139702,727.8571205,709.5292044,695.9617166,683.7926684,670.9020818,656.9406707,644.4239943,thous km2
"Reference,date=2024-26-10T11:33:32-04:00",Argentina,rock and desert,144.639965,129.80752,127.831559,127.017373,127.017373,127.017373,127.017373,127.017373,127.017373,127.017373,127.017373,thous km2
"Reference,date=2024-26-10T11:33:32-04:00",Argentina,shrubs,331.4331489,231.3189086,194.5212692,174.1001409,172.8607125,168.7389307,165.6294486,162.794197,159.6580612,156.1264318,152.9122065,thous km2
"Reference,date=2024-26-10T11:33:32-04:00",Argentina,tundra,36.2052202,33.3507899,32.66600889,32.61603715,32.61603715,32.61603715,32.61603715,32.61603715,32.61603715,32.61603715,32.61603715,thous km2
"Reference,date=2024-26-10T11:33:32-04:00",Argentina,urban,5.53251594,5.588227,5.588868,5.58801199,5.58801199,5.58801199,5.58801199,5.58801199,5.58801199,5.58801199,5.58801199,thous km2
"Reference,date=2024-26-10T11:33:32-04:00",Australia_NZ,biomass,0,0,0,0,0,1.27046163,3.435916837,6.599161751,11.75427434,19.26541664,27.44215446,thous km2
"Reference,date=2024-26-10T11:33:32-04:00",Australia_NZ,crops,191.2199258,245.3388388,265.248287,267.0262766,285.7064277,302.911286,318.7578105,330.0393425,343.9778086,359.3468168,372.2662004,thous km2
"Reference,date=2024-26-10T11:33:32-04:00",Australia_NZ,forest (managed),47.1528225,75.5054105,80.3577903,94.293723,100.5107272,106.1969589,111.2135126,115.9350755,120.2739264,124.3778476,127.8837898,thous km2
"Reference,date=2024-26-10T11:33:32-04:00",Australia_NZ,forest (unmanaged),160.5618601,134.274899,134.7012798,113.9789229,113.0969698,112.0845005,111.1744112,110.3298073,109.4566718,108.5266711,107.6590481,thous km2
"Reference,date=2024-26-10T11:33:32-04:00",Australia_NZ,grass,1085.12737,1212.50461,1460.6262,1440.4099,1432.8802,1423.7549,1415.6492,1408.159,1400.5506,1392.507,1384.9456,thous km2
"Reference,date=2024-26-10T11:33:32-04:00",Australia_NZ,otherarable,315.8205,256.47384,169.70886,243.74079,236.923659,229.75151,223.313566,217.948741,211.935947,205.348281,199.403691,thous km2
"Reference,date=2024-26-10T11:33:32-04:00",Australia_NZ,pasture (grazed),390.76536,517.28671,521.2774,510.02725,545.1786,592.24435,632.42343,670.25055,705.23065,740.00236,772.89247,thous km2
"Reference,date=2024-26-10T11:33:32-04:00",Australia_NZ,pasture (other),3416.11627,3161.55996,2947.91564,2925.88059,2888.80501,2844.87229,2805.90241,2770.77893,2734.8526,2696.93882,2661.68456,thous km2
"Reference,date=2024-26-10T11:33:32-04:00",Australia_NZ,rock and desert,13.573552,13.58764,13.41266,13.412012,13.412012,13.412012,13.412012,13.412012,13.412012,13.412012,13.412012,thous km2
"Reference,date=2024-26-10T11:33:32-04:00",Australia_NZ,shrubs,2299.299606,2300.38064,2322.60721,2305.808004,2298.063263,2288.079101,2279.293212,2271.123204,2263.131807,2254.851911,2246.985237,thous km2
"Reference,date=2024-26-10T11:33:32-04:00",Australia_NZ,tundra,0.346689,0.59574,0.61307,0.622911,0.622911,0.622911,0.622911,0.622911,0.622911,0.622911,0.622911,thous km2
"Reference,date=2024-26-10T11:33:32-04:00",Australia_NZ,urban,9.177394,11.65045,12.68992,13.9596377,13.9596377,13.9596377,13.9596377,13.9596377,13.9596377,13.9596377,13.9596377,thous km2
"Reference,date=2024-26-10T11:33:32-04:00",Brazil,biomass,0,0,0,0,0,7.91538621,17.16935972,27.2315874,40.64456434,57.79050737,75.68729457,thous km2
"Reference,date=2024-26-10T11:33:32-04:00",Brazil,crops,516.9507172,588.4949414,640.8768486,723.7325444,739.6006265,759.3101196,766.6994221,780.6251463,805.150379,839.7836121,867.2178947,thous km2
"Reference,date=2024-26-10T11:33:32-04:00",Brazil,forest (managed),101.0422877,153.7664243,170.8921433,185.6651011,195.4491453,206.3024942,215.64888,225.4724218,234.6631963,242.4270077,248.4039082,thous km2
"Reference,date=2024-26-10T11:33:32-04:00",Brazil,forest (unmanaged),4155.998412,3995.388764,3939.008199,3870.983401,3847.668438,3811.80104,3782.986514,3752.166605,3719.051053,3683.948477,3652.951279,thous km2
"Reference,date=2024-26-10T11:33:32-04:00",Brazil,grass,1129.16911,1021.35326,976.68172,916.08825,905.6788007,889.640625,877.6484477,865.0375422,851.7741846,837.741646,825.6111064,thous km2
"Reference,date=2024-26-10T11:33:32-04:00",Brazil,otherarable,56.748514,96.065212,133.316854,173.706392,170.0798439,164.3481141,160.2480765,155.7243906,150.5306137,144.6668613,139.6905958,thous km2
"Reference,date=2024-26-10T11:33:32-04:00",Brazil,pasture (grazed),772.9123986,895.7806414,898.6570591,988.5263695,1029.926525,1094.030697,1144.872452,1193.060131,1234.312092,1269.387729,1299.571271,thous km2
"Reference,date=2024-26-10T11:33:32-04:00",Brazil,pasture (other),1067.674028,1062.321679,1059.362,969.4284095,945.1798683,908.9963434,883.6775742,856.6650564,827.3312697,795.7991689,769.5151071,thous km2
"Reference,date=2024-26-10T11:33:32-04:00",Brazil,rock and desert,5.41669,5.12777,5.02623,4.96033,4.96033,4.96033,4.96033,4.96033,4.96033,4.96033,4.96033,thous km2
"Reference,date=2024-26-10T11:33:32-04:00",Brazil,shrubs,610.51004,589.84628,580.51809,568.03251,562.5770087,553.8230828,547.2135893,540.1873175,532.7072308,524.6260015,517.5132323,thous km2
"Reference,date=2024-26-10T11:33:32-04:00",Brazil,tundra,2.9303,2.64404,2.6594,2.6505,2.6505,2.6505,2.6505,2.6505,2.6505,2.6505,2.6505,thous km2
"Reference,date=2024-26-10T11:33:32-04:00",Brazil,urban,17.01991,25.57684,29.37024,32.59289,32.59289,32.59289,32.59289,32.59289,32.59289,32.59289,32.59289,thous km2
"Reference,date=2024-26-10T11:33:32-04:00",Canada,biomass,0,0,0,0,0,12.91605348,29.57039805,49.24825221,76.0012307,112.3706571,149.4535032,thous km2
"Reference,date=2024-26-10T11:33:32-04:00",Canada,crops,317.3555323,278.2508248,291.9223762,352.4886314,367.393434,381.3880856,393.7721163,403.0071538,415.5167307,427.2845952,435.0623607,thous km2
"Reference,date=2024-26-10T11:33:32-04:00",Canada,forest (managed),593.0207837,713.1278781,510.9088103,535.6025227,569.1760372,599.3326472,625.401853,650.9467811,672.3180949,687.9707799,698.7140689,thous km2
"Reference,date=2024-26-10T11:33:32-04:00",Canada,forest (unmanaged),3457.184364,3332.697901,3545.281195,3521.996492,3487.283936,3446.10439,3406.576708,3366.84548,3323.617673,3278.102427,3237.947652,thous km2
"Reference,date=2024-26-10T11:33:32-04:00",Canada,grass,1134.83188,1120.26403,1144.29324,1143.90156,1139.016031,1133.128428,1127.353363,1121.71369,1115.189302,1108.220917,1102.140057,thous km2
"Reference,date=2024-26-10T11:33:32-04:00",Canada,otherarable,199.7114,242.679933,191.838297,129.955008,124.6496584,118.7590793,113.1109095,107.9709824,101.8940525,95.67308571,90.56718543,thous km2
"Reference,date=2024-26-10T11:33:32-04:00",Canada,pasture (grazed),8.2701319,10.501278,9.2825862,10.2996415,10.8233966,11.5154027,12.0699049,12.5469833,12.9050481,13.2022053,13.4852633,thous km2
"Reference,date=2024-26-10T11:33:32-04:00",Canada,pasture (other),150.4163021,143.4673114,138.9065849,131.0547366,127.3727502,123.0535429,118.8215984,114.857282,110.2285239,105.4088219,101.3440075,thous km2
"Reference,date=2024-26-10T11:33:32-04:00",Canada,rock and desert,500.45849,500.34388,500.33841,500.26974,500.26974,500.26974,500.26974,500.26974,500.26974,500.26974,500.26974,thous km2
"Reference,date=2024-26-10T11:33:32-04:00",Canada,shrubs,783.3198923,851.6981558,868.7167509,884.10599,883.6899471,883.2053814,882.7273209,882.2697207,881.7343744,881.1715783,880.6905144,thous km2
"Reference,date=2024-26-10T11:33:32-04:00",Canada,tundra,1963.07084,1913.87103,1905.16439,1896.6585,1896.6585,1896.6585,1896.6585,1896.6585,1896.6585,1896.6585,1896.6585,thous km2
"Reference,date=2024-26-10T11:33:32-04:00",Canada,urban,2.90716,3.64569,3.8948,4.21832,4.21832,4.21832,4.21832,4.21832,4.21832,4.21832,4.21832,thous km2
"Reference,date=2024-26-10T11:33:32-04:00",Central America and Caribbean,biomass,0,0,0,0,0,4.92560675,9.776246978,14.68593967,20.30276867,26.56731931,32.45640473,thous km2
"Reference,date=2024-26-10T11:33:32-04:00",Central America and Caribbean,crops,95.96937017,95.284421,103.255897,107.0172906,108.250171,111.867364,114.0367111,116.831833,119.8409827,123.0349397,125.2418752,thous km2
"Reference,date=2024-26-10T11:33:32-04:00",Central America and Caribbean,forest (managed),8.52647678,10.65279597,10.66856347,11.52914387,11.91283538,12.34900911,12.69355654,12.98225242,13.20414995,13.36234153,13.47838006,thous km2
"Reference,date=2024-26-10T11:33:32-04:00",Central America and Caribbean,forest (unmanaged),325.2216847,304.9812829,304.4102084,305.690246,302.4728,292.503897,284.249872,275.909119,267.447006,258.857273,251.353531,thous km2
"Reference,date=2024-26-10T11:33:32-04:00",Central America and Caribbean,grass,67.575215,74.230722,75.253242,74.597372,73.705668,71.004581,68.791028,66.541815,64.284277,62.010552,60.034,thous km2
"Reference,date=2024-26-10T11:33:32-04:00",Central America and Caribbean,otherarable,40.557364,54.030738,45.058233,35.460311,34.650937,31.908658,29.77926,27.636757,25.539973,23.488174,21.798626,thous km2
"Reference,date=2024-26-10T11:33:32-04:00",Central America and Caribbean,pasture (grazed),78.913355,79.486949,92.330588,106.345999,110.731127,120.38826,128.191771,135.472128,141.942181,147.702241,152.745523,thous km2
"Reference,date=2024-26-10T11:33:32-04:00",Central America and Caribbean,pasture (other),73.181161,69.6270001,56.7009938,46.3991732,45.3577622,42.2806512,39.8315849,37.4118671,35.0341344,32.6991042,30.7239874,thous km2
"Reference,date=2024-26-10T11:33:32-04:00",Central America and Caribbean,shrubs,4.91812395,4.70074417,4.65404377,4.54910377,4.50651187,4.36084837,4.23887627,4.11694067,3.99297587,3.86653757,3.75622697,thous km2
"Reference,date=2024-26-10T11:33:32-04:00",Central America and Caribbean,urban,3.87768892,5.7453479,6.4082278,7.1515458,7.1515458,7.1515458,7.1515458,7.1515458,7.1515458,7.1515458,7.1515458,thous km2
"Reference,date=2024-26-10T11:33:32-04:00",Central Asia,biomass,0,0,0,0,0,0.766929346,2.284068479,4.584160591,8.298363307,14.12261279,20.47182607,thous km2
"Reference,date=2024-26-10T11:33:32-04:00",Central Asia,crops,344.8265471,256.459641,276.8498367,282.2079035,290.8884291,304.3872981,316.6646688,329.1497356,341.1540468,353.4554559,363.325724,thous km2
"Reference,date=2024-26-10T11:33:32-04:00",Central Asia,forest (managed),3.12216615,1.72235492,1.06245321,1.54068652,1.648283006,1.771519829,1.875708812,1.977125286,2.074854333,2.170194664,2.255300969,thous km2
"Reference,date=2024-26-10T11:33:32-04:00",Central Asia,forest (unmanaged),31.47872985,35.06512421,32.14394567,35.39732087,35.31545271,35.10302942,34.86373489,34.61109123,34.35056143,34.07439118,33.82815721,thous km2
"Reference,date=2024-26-10T11:33:32-04:00",Central Asia,grass,615.4065187,591.778491,456.0160901,603.86201,602.4499016,600.2219645,598.1120897,595.9594967,593.8035554,591.5579364,589.513392,thous km2
"Reference,date=2024-26-10T11:33:32-04:00",Central Asia,otherarable,46.2907124,100.2683647,87.7157616,79.3437754,77.96672455,75.82428497,73.8668701,71.87992781,69.90489438,67.8130388,65.98760693,thous km2
"Reference,date=2024-26-10T11:33:32-04:00",Central Asia,pasture (grazed),189.7338884,98.0079756,123.2197201,157.7972134,168.9235357,184.7693182,198.5139655,211.6608614,223.7777526,234.8756359,244.8033227,thous km2
"Reference,date=2024-26-10T11:33:32-04:00",Central Asia,pasture (other),3383.839623,3611.445582,3793.030956,3533.141834,3517.032178,3492.795427,3470.771113,3448.466915,3426.247291,3402.881111,3381.965686,thous km2
"Reference,date=2024-26-10T11:33:32-04:00",Central Asia,rock and desert,247.496002,221.68939,218.36568,221.86114,221.86114,221.86114,221.86114,221.86114,221.86114,221.86114,221.86114,thous km2
"Reference,date=2024-26-10T11:33:32-04:00",Central Asia,shrubs,650.7175661,601.4935669,535.8257018,603.134831,602.201774,600.7868836,599.4745881,598.1379832,596.8153297,595.4748637,594.2743485,thous km2
"Reference,date=2024-26-10T11:33:32-04:00",Central Asia,tundra,98.3918648,92.5468,85.6923711,90.5625811,90.5625811,90.5625811,90.5625811,90.5625811,90.5625811,90.5625811,90.5625811,thous km2
"Reference,date=2024-26-10T11:33:32-04:00",Central Asia,urban,7.18558861,8.01232111,8.56824211,9.639523,9.639523,9.639523,9.639523,9.639523,9.639523,9.639523,9.639523,thous km2
"Reference,date=2024-26-10T11:33:32-04:00",China,biomass,0,0,0,0,0,14.17063203,38.24240301,67.84440667,105.6859386,153.6235524,203.3063545,thous km2
"Reference,date=2024-26-10T11:33:32-04:00",China,crops,1187.3458,1184.579672,1139.560439,1155.383863,1159.095229,1166.222255,1160.217574,1147.734654,1133.413124,1117.347431,1095.355553,thous km2
"Reference,date=2024-26-10T11:33:32-04:00",China,forest (managed),524.2350551,538.0460776,920.0230281,1335.665127,1410.754019,1469.665476,1507.573912,1536.158165,1554.038909,1562.626077,1562.471492,thous km2
"Reference,date=2024-26-10T11:33:32-04:00",China,forest (unmanaged),839.525791,819.7307274,482.4899153,67.57267971,64.02430348,60.75614646,58.50136304,56.72129145,55.26742865,53.95411888,53.11000323,thous km2
"Reference,date=2024-26-10T11:33:32-04:00",China,grass,923.1198355,982.750318,1004.077709,1003.987249,968.114378,935.064403,912.31579,894.5173496,880.134303,867.2350038,859.1669601,thous km2
"Reference,date=2024-26-10T11:33:32-04:00",China,otherarable,118.2619043,122.2989512,84.6377498,61.7902939,57.68363516,53.88304024,51.42944975,49.67251824,48.27466338,47.00443075,46.33088109,thous km2
"Reference,date=2024-26-10T11:33:32-04:00",China,pasture (grazed),656.4375255,1036.43243,989.357065,942.3841568,1025.299439,1091.282349,1133.057336,1161.745451,1178.98286,1190.080095,1193.556722,thous km2
"Reference,date=2024-26-10T11:33:32-04:00",China,pasture (other),3339.842961,2888.182039,2935.642183,2981.239689,2875.44131,2780.546462,2717.86454,2670.675724,2633.872157,2601.804563,2582.756733,thous km2
"Reference,date=2024-26-10T11:33:32-04:00",China,rock and desert,776.4094261,774.87079,776.07589,775.99328,775.99328,775.99328,775.99328,775.99328,775.99328,775.99328,775.99328,thous km2
"Reference,date=2024-26-10T11:33:32-04:00",China,shrubs,571.3082005,574.76861,582.2131863,584.5628335,572.1727329,560.9956829,553.3838648,547.5174232,542.9166499,538.9099358,536.5314283,thous km2
"Reference,date=2024-26-10T11:33:32-04:00",China,tundra,325.1373514,324.44162,324.6135,324.68943,324.68943,324.68943,324.68943,324.68943,324.68943,324.68943,324.68943,thous km2
"Reference,date=2024-26-10T11:33:32-04:00",China,urban,31.51458535,47.03956,54.44932,59.87252,59.87252,59.87252,59.87252,59.87252,59.87252,59.87252,59.87252,thous km2
"Reference,date=2024-26-10T11:33:32-04:00",Colombia,biomass,0,0,0,0,0,0.392374798,0.886783336,1.48059266,2.305212973,3.400205788,4.597458562,thous km2
"Reference,date=2024-26-10T11:33:32-04:00",Colombia,crops,43.37567731,36.5519627,34.59196089,35.9744797,37.00290088,38.18841903,38.67106857,39.51211245,40.45161311,41.34851355,41.88687115,thous km2
"Reference,date=2024-26-10T11:33:32-04:00",Colombia,forest (managed),4.64603126,2.43264186,4.63804928,4.33489818,4.5451472,4.90146531,5.15884396,5.43806245,5.7108521,5.9551519,6.1534862,thous km2
"Reference,date=2024-26-10T11:33:32-04:00",Colombia,forest (unmanaged),581.26058,591.647276,591.150846,588.708523,586.738344,583.344574,581.029436,578.500722,575.930336,573.481676,571.429678,thous km2
"Reference,date=2024-26-10T11:33:32-04:00",Colombia,grass,80.7387,95.83274,94.07094,100.42562,100.05877,99.41193,98.96429,98.47266,97.96611,97.47429,97.05416,thous km2
"Reference,date=2024-26-10T11:33:32-04:00",Colombia,otherarable,6.528766,0.2432333,0,0,0,0,0,0,0,0,0,thous km2
"Reference,date=2024-26-10T11:33:32-04:00",Colombia,pasture (grazed),48.79715,56.1536,57.26943,68.41982,72.38719,79.41486,84.29504,89.2955,94.12174,98.47512,102.08577,thous km2
"Reference,date=2024-26-10T11:33:32-04:00",Colombia,pasture (other),351.009742,332.301467,333.222866,316.865548,314.047938,309.215618,305.924548,302.297828,298.580858,295.002028,291.988698,thous km2
"Reference,date=2024-26-10T11:33:32-04:00",Colombia,rock and desert,0.20611,0.272379,0.2751589,0.283979,0.283979,0.283979,0.283979,0.283979,0.283979,0.283979,0.283979,thous km2
"Reference,date=2024-26-10T11:33:32-04:00",Colombia,shrubs,13.8460469,14.400027,14.459647,14.407077,14.356455,14.267591,14.206688,14.139194,14.068906,13.999973,13.940859,thous km2
"Reference,date=2024-26-10T11:33:32-04:00",Colombia,tundra,5.123086,5.128156,5.084756,5.141606,5.141606,5.141606,5.141606,5.141606,5.141606,5.141606,5.141606,thous km2
"Reference,date=2024-26-10T11:33:32-04:00",Colombia,urban,1.3475497,1.9162287,2.1164687,2.3182387,2.3182387,2.3182387,2.3182387,2.3182387,2.3182387,2.3182387,2.3182387,thous km2
"Reference,date=2024-26-10T11:33:32-04:00",EU-12,biomass,0,0,0,0,0,5.984543613,13.63864668,22.22677381,33.6640514,48.74998159,64.22486441,thous km2
"Reference,date=2024-26-10T11:33:32-04:00",EU-12,crops,429.2849546,369.3814435,360.7505688,348.817255,350.9237501,350.9032092,348.8727828,347.2370035,346.1416078,345.9132811,344.7414242,thous km2
"Reference,date=2024-26-10T11:33:32-04:00",EU-12,forest (managed),264.622668,340.6317488,339.9094877,360.2907687,374.5072609,388.354383,398.3321879,406.1188034,410.8315919,411.9548619,411.1598421,thous km2
"Reference,date=2024-26-10T11:33:32-04:00",EU-12,forest (unmanaged),28.71739716,0,10.23779528,0,0,0,0,0,0,0,0,thous km2
"Reference,date=2024-26-10T11:33:32-04:00",EU-12,grass,161.1233879,179.5530329,190.8325199,196.375578,188.8723844,179.590193,172.1378997,165.0293392,157.7074964,149.8487694,143.0897866,thous km2
"Reference,date=2024-26-10T11:33:32-04:00",EU-12,otherarable,19.68446529,19.19746109,16.88753099,17.7393164,16.61528976,15.27403887,14.20930276,13.23218289,12.26316582,11.24833212,10.3881937,thous km2
"Reference,date=2024-26-10T11:33:32-04:00",EU-12,pasture (grazed),26.11110889,6.338695997,6.314896197,6.681288498,6.850168385,7.123713227,7.321875952,7.446892715,7.491261527,7.470346959,7.454209814,thous km2
"Reference,date=2024-26-10T11:33:32-04:00",EU-12,pasture (other),125.5738799,139.4680678,129.528575,124.0730735,116.346383,107.0648154,99.92509311,93.28713638,86.62634011,79.69795103,73.96204144,thous km2
"Reference,date=2024-26-10T11:33:32-04:00",EU-12,shrubs,4.2453889,4.3637088,4.3139588,4.2530289,4.1149804,3.9356931,3.79238,3.652172,3.5053174,3.3468922,3.2100353,thous km2
"Reference,date=2024-26-10T11:33:32-04:00",EU-12,tundra,0,0.0860499,0.0570399,0.02612,0.02612,0.02612,0.02612,0.02612,0.02612,0.02612,0.02612,thous km2
"Reference,date=2024-26-10T11:33:32-04:00",EU-12,urban,13.0465248,13.3899548,13.5774748,14.1534548,14.1534548,14.1534548,14.1534548,14.1534548,14.1534548,14.1534548,14.1534548,thous km2
"Reference,date=2024-26-10T11:33:32-04:00",EU-15,biomass,0,0,0,0,0,50.51276165,83.21472317,111.1853638,148.0968652,196.316626,241.3437189,thous km2
"Reference,date=2024-26-10T11:33:32-04:00",EU-15,crops,776.287583,743.6283545,746.8531335,735.1673458,733.7267647,730.8476066,727.7711154,727.6756036,730.6973367,736.3709696,738.96786,thous km2
"Reference,date=2024-26-10T11:33:32-04:00",EU-15,forest (managed),832.3960412,942.8806145,944.4271864,946.1662594,978.7535812,990.1125703,1002.323654,1013.84307,1017.984581,1013.649096,1007.057877,thous km2
"Reference,date=2024-26-10T11:33:32-04:00",EU-15,forest (unmanaged),89.17224532,0,0,0,0,0,0,0,0,0,0,thous km2
"Reference,date=2024-26-10T11:33:32-04:00",EU-15,grass,492.9227033,539.0787755,552.9010027,583.4980905,570.4691495,547.6785825,531.4505545,516.3457545,499.9349965,481.8392615,466.7835921,thous km2
"Reference,date=2024-26-10T11:33:32-04:00",EU-15,otherarable,108.9875898,64.40900899,59.70019248,50.16117767,48.16716761,44.35026911,41.71164213,39.25672811,36.52166434,33.47363352,30.98215732,thous km2
"Reference,date=2024-26-10T11:33:32-04:00",EU-15,pasture (grazed),133.5171391,38.30334431,37.17831859,37.85340436,37.98495919,38.20726266,38.28620559,38.39198195,38.36122225,38.14089462,37.99631589,thous km2
"Reference,date=2024-26-10T11:33:32-04:00",EU-15,pasture (other),445.9657264,507.1433737,495.4015544,466.3424466,452.6964117,425.2594823,406.04586,388.0296995,367.8720614,345.4099022,326.9781004,thous km2
"Reference,date=2024-26-10T11:33:32-04:00",EU-15,rock and desert,1899.054379,1899.003076,1898.94569,1899.063133,1899.063133,1899.063133,1899.063133,1899.063133,1899.063133,1899.063133,1899.063133,thous km2
"Reference,date=2024-26-10T11:33:32-04:00",EU-15,shrubs,189.0103488,229.3230325,226.1762584,241.5289975,238.9187473,233.7491233,229.9128458,225.9889727,221.2494588,215.5172343,210.6074408,thous km2
"Reference,date=2024-26-10T11:33:32-04:00",EU-15,tundra,208.17124,206.654479,206.3443402,205.789367,205.789367,205.789367,205.789367,205.789367,205.789367,205.789367,205.789367,thous km2
"Reference,date=2024-26-10T11:33:32-04:00",EU-15,urban,44.60682986,49.6717062,52.16086521,54.52401827,54.52401827,54.52401827,54.52401827,54.52401827,54.52401827,54.52401827,54.52401827,thous km2
"Reference,date=2024-26-10T11:33:32-04:00",Europe_Eastern,biomass,0,0,0,0,0,3.703519147,9.485682113,16.60148282,25.78710831,37.69329353,49.86558752,thous km2
"Reference,date=2024-26-10T11:33:32-04:00",Europe_Eastern,crops,343.9701844,285.3971896,313.2074186,317.0316765,321.5155722,319.3390665,323.4193851,326.6686865,330.1594757,334.4852986,336.9288543,thous km2
"Reference,date=2024-26-10T11:33:32-04:00",Europe_Eastern,forest (managed),69.9290826,46.0975771,51.9991696,66.9137991,70.4231263,73.4134072,76.6066979,79.3766991,81.5069723,82.8697537,83.702287,thous km2
"Reference,date=2024-26-10T11:33:32-04:00",Europe_Eastern,forest (unmanaged),103.6119009,152.813673,147.2450903,132.6614509,130.0240384,128.8278338,124.2277793,119.753684,114.9840303,109.5691359,104.7732788,thous km2
"Reference,date=2024-26-10T11:33:32-04:00",Europe_Eastern,grass,70.0240332,80.548461,81.684191,82.962441,81.3039215,80.6443585,77.888344,75.2106073,72.328782,69.019567,66.1126319,thous km2
"Reference,date=2024-26-10T11:33:32-04:00",Europe_Eastern,otherarable,120.1096146,126.7786175,98.8584362,95.4000041,92.42119026,91.54754411,86.76052271,82.19899107,77.35339904,71.85496722,67.1351085,thous km2
"Reference,date=2024-26-10T11:33:32-04:00",Europe_Eastern,pasture (grazed),97.1403402,61.9794801,58.6752593,61.8359696,62.8924066,61.7570268,63.7558229,65.0844565,65.6392482,65.4465135,65.1402783,thous km2
"Reference,date=2024-26-10T11:33:32-04:00",Europe_Eastern,pasture (other),5.112656585,54.56318193,56.69023068,51.4646329,49.773008,49.1449884,46.36037617,43.73254037,41.00214642,37.97995061,35.39673328,thous km2
"Reference,date=2024-26-10T11:33:32-04:00",Europe_Eastern,rock and desert,0.0259952,0.02599,0.02599,0.02599,0.02599,0.02599,0.02599,0.02599,0.02599,0.02599,0.02599,thous km2
"Reference,date=2024-26-10T11:33:32-04:00",Europe_Eastern,shrubs,3.12402812,4.48096,4.33801,4.28708,4.2038312,4.1793034,4.0524887,3.9297433,3.7958055,3.6384837,3.502296,thous km2
"Reference,date=2024-26-10T11:33:32-04:00",Europe_Eastern,tundra,4.17133,4.66186,4.67552,4.71835,4.71835,4.71835,4.71835,4.71835,4.71835,4.71835,4.71835,thous km2
"Reference,date=2024-26-10T11:33:32-04:00",Europe_Eastern,urban,7.970793,7.842792,7.790432,7.888652,7.888652,7.888652,7.888652,7.888652,7.888652,7.888652,7.888652,thous km2
"Reference,date=2024-26-10T11:33:32-04:00",Europe_Non_EU,biomass,0,0,0,0,0,2.932667691,7.293385618,12.77747464,20.28262545,30.32518202,40.5450481,thous km2
"Reference,date=2024-26-10T11:33:32-04:00",Europe_Non_EU,crops,287.1584798,263.445198,244.2405372,240.5867354,245.5999308,250.3915625,253.0662378,254.4910223,256.4580359,258.2856722,258.9143365,thous km2
"Reference,date=2024-26-10T11:33:32-04:00",Europe_Non_EU,forest (managed),58.7609148,83.9101185,103.973162,119.39082,125.7603253,132.879515,138.270417,142.788555,146.244578,148.789475,150.541264,thous km2
"Reference,date=2024-26-10T11:33:32-04:00",Europe_Non_EU,forest (unmanaged),116.6557724,100.4920902,83.0507541,67.91943579,65.41619529,62.03530549,59.38451549,56.96800699,54.55358159,52.08901689,50.01928689,thous km2
"Reference,date=2024-26-10T11:33:32-04:00",Europe_Non_EU,grass,235.62654,243.98714,257.33324,262.51074,254.16624,242.88264,233.88914,225.84174,217.72324,209.37004,202.28444,thous km2
"Reference,date=2024-26-10T11:33:32-04:00",Europe_Non_EU,otherarable,69.9497316,71.4205286,68.5134008,59.611181,56.3135358,52.0425876,48.7741223,45.9214367,43.0415868,40.1191381,37.714489,thous km2
"Reference,date=2024-26-10T11:33:32-04:00",Europe_Non_EU,pasture (grazed),83.5358206,102.9114498,121.1773737,135.411352,143.633467,155.102975,163.363603,170.322269,175.859986,180.318269,183.571382,thous km2
"Reference,date=2024-26-10T11:33:32-04:00",Europe_Non_EU,pasture (other),98.5692254,84.83698412,67.62089132,56.81140851,53.64693841,49.50486761,46.32917881,43.56459191,40.86061591,38.16333811,35.94139681,thous km2
"Reference,date=2024-26-10T11:33:32-04:00",Europe_Non_EU,rock and desert,0.41956,0.36204,0.36631,0.35184,0.35184,0.35184,0.35184,0.35184,0.35184,0.35184,0.35184,thous km2
"Reference,date=2024-26-10T11:33:32-04:00",Europe_Non_EU,shrubs,72.48625,69.63461,73.72912,76.40102,74.106317,70.870885,68.27232,65.967885,63.618539,61.182855,59.111229,thous km2
"Reference,date=2024-26-10T11:33:32-04:00",Europe_Non_EU,tundra,1.33117,1.304,1.3509,1.36068,1.36068,1.36068,1.36068,1.36068,1.36068,1.36068,1.36068,thous km2
"Reference,date=2024-26-10T11:33:32-04:00",Europe_Non_EU,urban,6.106379,8.2961,9.24427,10.2445,10.2445,10.2445,10.2445,10.2445,10.2445,10.2445,10.2445,thous km2
"Reference,date=2024-26-10T11:33:32-04:00",European Free Trade Association,biomass,0,0,0,0,0,3.828135136,5.771185616,7.852534676,10.79270304,15.19804121,19.60292083,thous km2
"Reference,date=2024-26-10T11:33:32-04:00",European Free Trade Association,crops,8.895467155,8.22401983,7.978212433,7.885128693,8.028110017,8.186623272,8.306793495,8.458653992,8.605888465,8.736205621,8.816656453,thous km2
"Reference,date=2024-26-10T11:33:32-04:00",European Free Trade Association,forest (managed),57.85101297,59.0392727,50.1485663,44.872266,47.685758,49.925534,51.926384,53.6733525,55.03356,55.926014,56.459841,thous km2
"Reference,date=2024-26-10T11:33:32-04:00",European Free Trade Association,forest (unmanaged),89.35853364,88.360407,97.2781948,102.3819659,100.5413865,96.669157,94.1491927,91.6841126,88.9277116,85.560091,82.4357488,thous km2
"Reference,date=2024-26-10T11:33:32-04:00",European Free Trade Association,grass,74.1372582,81.399187,81.517668,81.12953,80.328643,78.670756,77.588159,76.526149,75.3399414,73.8943485,72.5522666,thous km2
"Reference,date=2024-26-10T11:33:32-04:00",European Free Trade Association,otherarable,3.88300671,4.7820503,5.758577,6.6594202,6.4572896,6.0831672,5.8355155,5.5912779,5.3253351,5.009131,4.7170625,thous km2
"Reference,date=2024-26-10T11:33:32-04:00",European Free Trade Association,pasture (grazed),4.35727854,6.3294365,6.6123636,7.2211144,7.454866,7.6905287,7.8571199,8.0277347,8.1954624,8.3637789,8.5308786,thous km2
"Reference,date=2024-26-10T11:33:32-04:00",European Free Trade Association,pasture (other),34.80204987,23.51803444,23.13542627,22.41136584,22.06712574,21.51368474,21.13611714,20.75965574,20.35598134,19.89294064,19.46864544,thous km2
"Reference,date=2024-26-10T11:33:32-04:00",European Free Trade Association,rock and desert,46.762768,46.6593685,46.5950675,46.5977875,46.5977875,46.5977875,46.5977875,46.5977875,46.5977875,46.5977875,46.5977875,thous km2
"Reference,date=2024-26-10T11:33:32-04:00",European Free Trade Association,shrubs,5.19116768,5.32132858,5.40362877,5.76672954,5.76441334,5.76001669,5.75709305,5.75420205,5.75100135,5.74714807,5.74354167,thous km2
"Reference,date=2024-26-10T11:33:32-04:00",European Free Trade Association,tundra,138.549879,139.713929,138.760569,138.054999,138.054999,138.054999,138.054999,138.054999,138.054999,138.054999,138.054999,thous km2
"Reference,date=2024-26-10T11:33:32-04:00",European Free Trade Association,urban,2.30167889,2.74297112,2.90181122,3.10971322,3.10971322,3.10971322,3.10971322,3.10971322,3.10971322,3.10971322,3.10971322,thous km2
"Reference,date=2024-26-10T11:33:32-04:00",India,biomass,0,0,0,0,0,13.92273972,29.86932398,43.82509855,58.10203855,75.19095531,92.36858578,thous km2
"Reference,date=2024-26-10T11:33:32-04:00",India,crops,1631.151327,1669.50687,1676.787393,1675.093222,1732.637834,1773.692501,1811.694092,1839.463327,1862.500073,1876.505811,1881.479947,thous km2
"Reference,date=2024-26-10T11:33:32-04:00",India,forest (managed),140.0665748,200.6720414,216.9325144,221.1071301,234.9627648,256.730272,274.6693414,288.8858614,299.5135041,307.1790221,312.9992981,thous km2
"Reference,date=2024-26-10T11:33:32-04:00",India,forest (unmanaged),520.3907624,434.7680848,418.6986169,415.5038629,384.3261476,349.4337253,316.3867447,290.0999965,267.6553898,249.4722752,235.9891581,thous km2
"Reference,date=2024-26-10T11:33:32-04:00",India,grass,333.31004,334.38226,335.83536,336.95343,313.656872,287.607768,262.92036,243.104041,226.098084,212.260066,202.077346,thous km2
"Reference,date=2024-26-10T11:33:32-04:00",India,otherarable,22.2286,24.964685,15.4665788,12.524956,11.2145661,9.6808872,8.2647135,7.181203,6.2890478,5.5786864,5.0740743,thous km2
"Reference,date=2024-26-10T11:33:32-04:00",India,pasture (grazed),113.3226775,102.4159945,101.3491865,100.4472245,98.6454246,100.6380811,103.6227525,107.3812354,110.5611813,113.2288328,115.5685157,thous km2
"Reference,date=2024-26-10T11:33:32-04:00",India,pasture (other),5.96435362,5.390316114,5.33417483,5.2866975,4.732506314,4.126934331,3.587449067,3.183288219,2.859689281,2.612463616,2.439835727,thous km2
"Reference,date=2024-26-10T11:33:32-04:00",India,rock and desert,104.75904,103.62647,103.53015,103.55406,103.55406,103.55406,103.55406,103.55406,103.55406,103.55406,103.55406,thous km2
"Reference,date=2024-26-10T11:33:32-04:00",India,shrubs,218.48374,209.26813,209.17647,209.52723,196.2676246,180.6109532,165.4291261,153.3196043,142.8647583,134.4156874,128.4467082,thous km2
"Reference,date=2024-26-10T11:33:32-04:00",India,tundra,27.70776,27.41151,27.45112,27.48883,27.48883,27.48883,27.48883,27.48883,27.48883,27.48883,27.48883,thous km2
"Reference,date=2024-26-10T11:33:32-04:00",India,urban,15.40576,20.38373,22.22816,25.30338,25.30338,25.30338,25.30338,25.30338,25.30338,25.30338,25.30338,thous km2
"Reference,date=2024-26-10T11:33:32-04:00",Indonesia,biomass,0,0,0,0,0,0.342173885,1.6054319,4.29709716,9.033682195,16.75826853,25.59271812,thous km2
"Reference,date=2024-26-10T11:33:32-04:00",Indonesia,crops,212.5331673,287.3861113,351.3704043,385.4026251,406.477416,421.588033,435.5281181,444.359685,455.5495567,467.7969939,474.5554073,thous km2
"Reference,date=2024-26-10T11:33:32-04:00",Indonesia,forest (managed),49.6133621,60.2177961,67.3106876,88.75113181,93.27174897,98.67466853,103.5813979,108.2447856,112.1602117,115.1518803,117.523457,thous km2
"Reference,date=2024-26-10T11:33:32-04:00",Indonesia,forest (unmanaged),1178.844069,1117.123722,1055.888146,996.2680181,975.5584383,957.0551332,939.0758436,924.3303916,907.5038201,888.991317,874.3198198,thous km2
"Reference,date=2024-26-10T11:33:32-04:00",Indonesia,grass,204.768711,214.382232,207.991231,203.314951,199.687584,196.519254,193.476173,190.976937,188.149316,185.032428,182.532526,thous km2
"Reference,date=2024-26-10T11:33:32-04:00",Indonesia,otherarable,88.0900993,72.1969293,67.8335606,75.4931299,72.5434891,70.0147356,67.5666878,65.5449788,63.1395093,60.3778418,58.1777681,thous km2
"Reference,date=2024-26-10T11:33:32-04:00",Indonesia,pasture (grazed),20.6316359,20.1982823,29.0866767,56.311307,61.06638034,66.95313036,72.6065254,77.40568449,81.42107928,84.65730243,87.35756268,thous km2
"Reference,date=2024-26-10T11:33:32-04:00",Indonesia,pasture (other),105.2269322,85.40617671,76.5154054,49.28824416,46.22395587,43.68237685,41.38922123,39.67095655,37.87161807,36.06301176,34.77073606,thous km2
"Reference,date=2024-26-10T11:33:32-04:00",Indonesia,urban,5.59161,8.3885221,9.3038121,10.4703221,10.4703221,10.4703221,10.4703221,10.4703221,10.4703221,10.4703221,10.4703221,thous km2
"Reference,date=2024-26-10T11:33:32-04:00",Japan,biomass,0,0,0,0,0,5.906184348,10.61612364,14.53871167,18.38190246,25.9401741,33.83153517,thous km2
"Reference,date=2024-26-10T11:33:32-04:00",Japan,crops,44.05447471,36.40982921,39.66830933,38.84826234,39.27227574,38.47822555,37.52681448,36.63607893,35.89848501,34.99935236,34.06461366,thous km2
"Reference,date=2024-26-10T11:33:32-04:00",Japan,forest (managed),196.20434,181.599124,165.623566,165.321866,165.902383,165.164841,164.805798,165.390255,165.760887,164.066313,161.401709,thous km2
"Reference,date=2024-26-10T11:33:32-04:00",Japan,forest (unmanaged),40.61220832,61.57631429,78.1456924,78.9369424,78.4519324,76.2965959,74.6161085,72.8303694,71.1154379,68.6681602,66.54978818,thous km2
"Reference,date=2024-26-10T11:33:32-04:00",Japan,grass,48.1293,49.2766,49.3316,49.4779,49.1871,47.8943,46.8865,45.8155,44.7869,43.3191,42.0486,thous km2
"Reference,date=2024-26-10T11:33:32-04:00",Japan,otherarable,5.67275434,8.1213962,3.93152845,3.71153405,3.65186381,3.47675322,3.35126596,3.21426926,3.07932333,2.8828439,2.71822778,thous km2
"Reference,date=2024-26-10T11:33:32-04:00",Japan,pasture (grazed),0,0,0,0,0,0,0,0,0,0,0,thous km2
"Reference,date=2024-26-10T11:33:32-04:00",Japan,pasture (other),4.289108967,0,0,0,0,0,0,0,0,0,0,thous km2
"Reference,date=2024-26-10T11:33:32-04:00",Japan,shrubs,30.8772497,31.8038297,31.8849197,31.8794697,31.7103018,30.9590175,30.3732232,29.7507632,29.1530126,28.2999757,27.5615736,thous km2
"Reference,date=2024-26-10T11:33:32-04:00",Japan,tundra,0.106679,0.110579,0.110879,0.111519,0.111519,0.111519,0.111519,0.111519,0.111519,0.111519,0.111519,thous km2
"Reference,date=2024-26-10T11:33:32-04:00",Japan,urban,11.7939,12.8428,13.0435,13.4527,13.4527,13.4527,13.4527,13.4527,13.4527,13.4527,13.4527,thous km2
"Reference,date=2024-26-10T11:33:32-04:00",Mexico,biomass,0,0,0,0,0,3.338037631,7.757839637,13.01788524,19.99786007,29.62234162,39.44111789,thous km2
"Reference,date=2024-26-10T11:33:32-04:00",Mexico,crops,164.5218293,171.676567,166.5850294,170.9837865,169.4261438,173.3276104,176.6377988,182.0307662,187.9616528,194.2755398,199.2779106,thous km2
"Reference,date=2024-26-10T11:33:32-04:00",Mexico,forest (managed),28.67189281,24.3411136,20.6011821,23.12760161,23.84484436,24.89296642,25.77938032,26.56769261,27.28098384,27.95730872,28.55206857,thous km2
"Reference,date=2024-26-10T11:33:32-04:00",Mexico,forest (unmanaged),384.5185378,378.900345,387.658715,394.3511418,392.4209006,385.7657384,379.6862331,373.0659424,366.0740396,358.4834289,351.5185765,thous km2
"Reference,date=2024-26-10T11:33:32-04:00",Mexico,grass,166.349452,157.291401,160.185392,156.325873,155.4750791,152.5341934,149.9280927,147.12921,144.23968,141.1766968,138.4049337,thous km2
"Reference,date=2024-26-10T11:33:32-04:00",Mexico,otherarable,98.51276,104.230153,94.904502,66.874602,66.44896225,64.12111576,62.02997199,59.68714283,57.2472271,54.65073275,52.3609727,thous km2
"Reference,date=2024-26-10T11:33:32-04:00",Mexico,pasture (grazed),292.3162181,292.2106055,307.5814565,364.8029464,374.610733,398.825307,419.0926866,438.0815145,455.4571943,471.2444022,484.9335981,thous km2
"Reference,date=2024-26-10T11:33:32-04:00",Mexico,pasture (other),482.7511591,514.4631637,497.9263447,452.3196618,448.3362636,433.4879626,420.4373443,407.0107076,393.6136274,379.9140448,367.748215,thous km2
"Reference,date=2024-26-10T11:33:32-04:00",Mexico,rock and desert,0.574511,0.534801,0.535791,0.521371,0.521371,0.521371,0.521371,0.521371,0.521371,0.521371,0.521371,thous km2
"Reference,date=2024-26-10T11:33:32-04:00",Mexico,shrubs,309.310651,280.269831,286.651661,292.132321,290.35536,284.625293,279.568492,274.327371,269.046317,263.594205,258.680838,thous km2
"Reference,date=2024-26-10T11:33:32-04:00",Mexico,tundra,0.0893701,0.0690801,0.0692501,0.0690301,0.0690301,0.0690301,0.0690301,0.0690301,0.0690301,0.0690301,0.0690301,thous km2
"Reference,date=2024-26-10T11:33:32-04:00",Mexico,urban,8.7136122,12.3428352,13.6307772,14.8212871,14.8212871,14.8212871,14.8212871,14.8212871,14.8212871,14.8212871,14.8212871,thous km2
"Reference,date=2024-26-10T11:33:32-04:00",Middle East,biomass,0,0,0,0,0,1.027009871,4.205504764,9.249146343,17.32199246,27.52076015,36.75232396,thous km2
"Reference,date=2024-26-10T11:33:32-04:00",Middle East,crops,252.1159793,265.4817225,242.2992951,234.9400179,239.3401382,248.5903527,257.4631544,266.6528644,276.2815501,285.4736072,292.5952383,thous km2
"Reference,date=2024-26-10T11:33:32-04:00",Middle East,forest (managed),6.96918224,9.609985,9.808826,9.77075017,10.30296823,11.1090526,11.8616923,12.5965707,13.2808432,13.8978967,14.4345006,thous km2
"Reference,date=2024-26-10T11:33:32-04:00",Middle East,forest (unmanaged),1.663311761,0,0,0,0,0,0,0,0,0,0,thous km2
"Reference,date=2024-26-10T11:33:32-04:00",Middle East,grass,61.8929706,206.7373769,201.9627714,197.052993,196.301073,195.3046821,194.3266991,193.2631622,191.9355527,190.4659615,189.1784869,thous km2
"Reference,date=2024-26-10T11:33:32-04:00",Middle East,otherarable,88.761646,95.1292945,107.136667,112.56963,111.087582,108.826711,106.384269,103.692864,100.444259,96.9794899,94.0576539,thous km2
"Reference,date=2024-26-10T11:33:32-04:00",Middle East,pasture (grazed),78.7501939,79.50217488,96.9581045,44.71484551,47.54876826,51.80091604,55.71937405,59.47925793,63.08765955,66.50185352,69.63472306,thous km2
"Reference,date=2024-26-10T11:33:32-04:00",Middle East,pasture (other),1934.51537,1930.045954,1914.71669,1966.638539,1963.289234,1953.9532,1943.157059,1930.793255,1916.688421,1901.912757,1889.484063,thous km2
"Reference,date=2024-26-10T11:33:32-04:00",Middle East,rock and desert,1827.376836,1710.876817,1715.691197,1716.597472,1716.597472,1716.597472,1716.597472,1716.597472,1716.597472,1716.597472,1716.597472,thous km2
"Reference,date=2024-26-10T11:33:32-04:00",Middle East,shrubs,893.9876215,841.8202014,847.9963024,851.987782,849.804245,847.0623849,844.5557829,841.9460131,838.6346525,834.9210777,831.5367308,thous km2
"Reference,date=2024-26-10T11:33:32-04:00",Middle East,tundra,0.00802032,0.02300129,0.0294907,0.0312606,0.0312606,0.0312606,0.0312606,0.0312606,0.0312606,0.0312606,0.0312606,thous km2
"Reference,date=2024-26-10T11:33:32-04:00",Middle East,urban,11.59813369,18.4140741,21.0396163,23.3373403,23.3373403,23.3373403,23.3373403,23.3373403,23.3373403,23.3373403,23.3373403,thous km2
"Reference,date=2024-26-10T11:33:32-04:00",Pakistan,biomass,0,0,0,0,0,0.38172426,0.947658363,1.616143695,2.520966437,3.779180154,4.748521411,thous km2
"Reference,date=2024-26-10T11:33:32-04:00",Pakistan,crops,185.0361779,209.6113462,205.9624697,219.9502173,219.0292887,224.2626235,230.5662541,234.7596241,237.8502737,240.8138793,242.5581972,thous km2
"Reference,date=2024-26-10T11:33:32-04:00",Pakistan,forest (managed),3.33549,3.05466,3.29563,2.85552,3.05104,3.28996,3.53672,3.78303,4.0216,4.22939,4.42158,thous km2
"Reference,date=2024-26-10T11:33:32-04:00",Pakistan,forest (unmanaged),0,0,0,0,0,0,0,0,0,0,0,thous km2
"Reference,date=2024-26-10T11:33:32-04:00",Pakistan,grass,17.54158,17.0855698,17.3314897,16.61679,16.402571,15.980042,15.477783,15.035532,14.619115,14.1698231,13.7872546,thous km2
"Reference,date=2024-26-10T11:33:32-04:00",Pakistan,otherarable,23.522774,10.077023,5.676071,8.617784,8.583390683,7.895005301,7.120221777,6.420783827,5.696819161,5.047514438,4.474697003,thous km2
"Reference,date=2024-26-10T11:33:32-04:00",Pakistan,pasture (grazed),48.75814301,48.65179251,48.65079051,48.64981051,53.51144364,59.13908579,65.58029593,72.60076605,80.25331914,88.14603721,96.15227927,thous km2
"Reference,date=2024-26-10T11:33:32-04:00",Pakistan,pasture (other),2.566223207,2.560616307,2.560572709,2.56051771,2.489697072,2.340220539,2.173946304,2.031703717,1.899622394,1.770659126,1.663475517,thous km2
"Reference,date=2024-26-10T11:33:32-04:00",Pakistan,rock and desert,284.8335601,282.9369101,284.2518901,281.2413001,281.2413001,281.2413001,281.2413001,281.2413001,281.2413001,281.2413001,281.2413001,thous km2
"Reference,date=2024-26-10T11:33:32-04:00",Pakistan,shrubs,273.533631,264.143391,269.914461,256.192841,252.37653,242.154787,230.040545,219.196814,208.582243,197.487486,187.637953,thous km2
"Reference,date=2024-26-10T11:33:32-04:00",Pakistan,tundra,25.7424,25.7128,25.6696301,25.64543,25.64543,25.64543,25.64543,25.64543,25.64543,25.64543,25.64543,thous km2
"Reference,date=2024-26-10T11:33:32-04:00",Pakistan,urban,3.2297012,4.266361,4.787041,5.76933101,5.76933101,5.76933101,5.76933101,5.76933101,5.76933101,5.76933101,5.76933101,thous km2
"Reference,date=2024-26-10T11:33:32-04:00",Russia,biomass,0,0,0,0,0,26.98657167,60.90367758,100.6753591,154.8847654,229.3662209,306.5500022,thous km2
"Reference,date=2024-26-10T11:33:32-04:00",Russia,crops,862.6039345,545.4721171,548.6992725,612.3775356,619.3675856,628.8406754,634.6162868,648.077915,670.2219555,698.0837397,721.1941052,thous km2
"Reference,date=2024-26-10T11:33:32-04:00",Russia,forest (managed),988.5938017,716.3144314,676.8143364,798.0133045,824.5032121,840.5786682,850.1267804,856.9999116,858.5304296,855.4914659,851.5768804,thous km2
"Reference,date=2024-26-10T11:33:32-04:00",Russia,forest (unmanaged),4154.028876,4486.30134,4534.289282,4414.06581,4400.660998,4379.404595,4358.872129,4335.128769,4305.751295,4268.600175,4231.881356,thous km2
"Reference,date=2024-26-10T11:33:32-04:00",Russia,grass,3864.945981,3776.816749,3778.19296,3753.40139,3745.915454,3734.570486,3724.069292,3711.50327,3695.67916,3675.764558,3656.399955,thous km2
"Reference,date=2024-26-10T11:33:32-04:00",Russia,otherarable,530.9495838,687.8991602,644.5983187,583.455307,577.4362682,568.2197799,560.2078137,548.9038646,533.0890997,512.6748547,493.3807122,thous km2
"Reference,date=2024-26-10T11:33:32-04:00",Russia,pasture (grazed),226.5596238,106.6643198,117.0998119,117.2775588,119.434268,121.5680503,122.9094258,124.88807,126.8618323,128.7943369,130.5333346,thous km2
"Reference,date=2024-26-10T11:33:32-04:00",Russia,pasture (other),588.9759121,809.3481811,811.1730538,815.4628856,808.588682,798.3811044,789.2519032,777.499832,761.8586578,741.9680988,722.9414037,thous km2
"Reference,date=2024-26-10T11:33:32-04:00",Russia,rock and desert,105.4681005,105.4146,105.34643,105.49596,105.49596,105.49596,105.49596,105.49596,105.49596,105.49596,105.49596,thous km2
"Reference,date=2024-26-10T11:33:32-04:00",Russia,shrubs,1836.803331,2019.064421,2043.66031,2066.94751,2065.096793,2062.453352,2060.045352,2057.323439,2054.124968,2050.258427,2046.544919,thous km2
"Reference,date=2024-26-10T11:33:32-04:00",Russia,tundra,3160.538962,3065.79006,3059.19243,3051.80094,3051.80094,3051.80094,3051.80094,3051.80094,3051.80094,3051.80094,3051.80094,thous km2
"Reference,date=2024-26-10T11:33:32-04:00",Russia,urban,19.4749669,19.85688,19.87087,20.63808,20.63808,20.63808,20.63808,20.63808,20.63808,20.63808,20.63808,thous km2
"Reference,date=2024-26-10T11:33:32-04:00",South Africa,biomass,0,0,0,0,0,0.498636992,1.080341395,1.917205603,3.130552956,4.749370316,6.401727106,thous km2
"Reference,date=2024-26-10T11:33:32-04:00",South Africa,crops,82.2948062,58.295591,54.9200606,58.5689582,60.65007653,62.93191596,64.78167412,67.64173545,71.33960778,75.68051799,79.42991766,thous km2
"Reference,date=2024-26-10T11:33:32-04:00",South Africa,forest (managed),16.30098,15.91873,17.99557,21.20988,22.5974568,24.4679431,26.2206038,28.1932702,30.1260876,31.8392857,33.2146993,thous km2
"Reference,date=2024-26-10T11:33:32-04:00",South Africa,forest (unmanaged),0,0,0,0,0,0,0,0,0,0,0,thous km2
"Reference,date=2024-26-10T11:33:32-04:00",South Africa,grass,174.83536,149.24963,170.08379,194.65445,194.21805,192.72426,191.36809,189.53601,187.44566,185.24363,183.20931,thous km2
"Reference,date=2024-26-10T11:33:32-04:00",South Africa,otherarable,60.53413,97.97103,74.56554,37.96569,37.61257,36.89218,36.26612,35.38168,34.33378,33.19957,32.20009,thous km2
"Reference,date=2024-26-10T11:33:32-04:00",South Africa,pasture (grazed),102.75692,104.60209,106.1727,100.07359,101.2535,107.99572,114.003,122.0173,130.8289,139.704,147.795,thous km2
"Reference,date=2024-26-10T11:33:32-04:00",South Africa,pasture (other),722.09224,734.52275,732.95085,739.052,735.3088,726.5369,718.6973,708.2237,696.2613,683.6268,672.3213,thous km2
"Reference,date=2024-26-10T11:33:32-04:00",South Africa,rock and desert,3.46152,3.40774,3.46987,3.54781,3.54781,3.54781,3.54781,3.54781,3.54781,3.54781,3.54781,thous km2
"Reference,date=2024-26-10T11:33:32-04:00",South Africa,shrubs,53.02729,49.44684,52.51004,57.11291,56.9974,56.58922,56.2206,55.72699,55.1716,54.59389,54.0658,thous km2
"Reference,date=2024-26-10T11:33:32-04:00",South Africa,urban,3.57575,5.46587,6.21158,6.69471,6.69471,6.69471,6.69471,6.69471,6.69471,6.69471,6.69471,thous km2
"Reference,date=2024-26-10T11:33:32-04:00",South America_Northern,biomass,0,0,0,0,0,0.588233829,1.571888215,2.877631893,4.401257287,6.212537907,8.030959303,thous km2
"Reference,date=2024-26-10T11:33:32-04:00",South America_Northern,crops,22.59345298,22.29518537,22.8306798,19.35712901,11.52261641,13.55156416,16.32999422,18.43952246,19.40257428,19.85404351,19.96264138,thous km2
"Reference,date=2024-26-10T11:33:32-04:00",South America_Northern,forest (managed),1.82843642,2.82666092,3.40992244,2.91679034,2.9068331,3.07187059,3.35620464,3.61832774,3.83264083,3.99915313,4.11381392,thous km2
"Reference,date=2024-26-10T11:33:32-04:00",South America_Northern,forest (unmanaged),901.0961086,901.3741731,900.2939751,900.2729561,910.8460271,908.8594801,905.5851071,901.6693241,898.3233001,895.6281001,893.7089241,thous km2
"Reference,date=2024-26-10T11:33:32-04:00",South America_Northern,grass,187.67301,188.5797201,188.5563901,188.3822101,195.3724769,194.4070186,192.7844819,190.6516478,188.8333364,187.4880613,186.6513254,thous km2
"Reference,date=2024-26-10T11:33:32-04:00",South America_Northern,otherarable,19.136903,16.209716,16.265672,20.07798,22.838066,22.271961,21.48479,20.734798,20.24,19.915491,19.740453,thous km2
"Reference,date=2024-26-10T11:33:32-04:00",South America_Northern,pasture (grazed),54.71152221,64.65528461,88.15871152,78.62877842,57.15728997,59.2038175,63.00445201,68.88823978,74.15805686,77.80361776,79.76740072,thous km2
"Reference,date=2024-26-10T11:33:32-04:00",South America_Northern,pasture (other),139.8411246,129.7458444,105.8454137,115.393278,124.0776238,122.8081011,120.7150087,118.0415682,115.8040322,114.147614,113.1056635,thous km2
"Reference,date=2024-26-10T11:33:32-04:00",South America_Northern,rock and desert,3.11336202,3.14258202,3.14085202,3.13802202,3.13802202,3.13802202,3.13802202,3.13802202,3.13802202,3.13802202,3.13802202,thous km2
"Reference,date=2024-26-10T11:33:32-04:00",South America_Northern,shrubs,8.77721,8.79316,8.72519,8.734041,9.042512,9.00008,8.931051,8.841912,8.767676,8.713886,8.681575,thous km2
"Reference,date=2024-26-10T11:33:32-04:00",South America_Northern,tundra,5.5029,5.52168002,5.52217002,5.51976002,5.51976002,5.51976002,5.51976002,5.51976002,5.51976002,5.51976002,5.51976002,thous km2
"Reference,date=2024-26-10T11:33:32-04:00",South America_Northern,urban,2.42496302,3.55476302,3.94973102,4.27827102,4.27827102,4.27827102,4.27827102,4.27827102,4.27827102,4.27827102,4.27827102,thous km2
"Reference,date=2024-26-10T11:33:32-04:00",South America_Southern,biomass,0,0,0,0,0,1.449713632,4.069921052,7.857368323,13.79060858,22.55101338,31.89051294,thous km2
"Reference,date=2024-26-10T11:33:32-04:00",South America_Southern,crops,112.5239528,149.1067594,171.782334,192.2356046,200.0873904,211.336297,218.5350353,226.1532168,234.6380387,243.8884825,251.482978,thous km2
"Reference,date=2024-26-10T11:33:32-04:00",South America_Southern,forest (managed),33.32783418,60.866286,75.7496302,88.2486911,93.67943259,99.22433382,104.0471063,108.8700375,113.3619451,117.3312473,120.4908161,thous km2
"Reference,date=2024-26-10T11:33:32-04:00",South America_Southern,forest (unmanaged),1406.29764,1359.318432,1337.868925,1314.596408,1307.416574,1297.943386,1290.29796,1282.090224,1273.101061,1263.15582,1254.049849,thous km2
"Reference,date=2024-26-10T11:33:32-04:00",South America_Southern,grass,652.002311,636.809417,619.055347,604.727017,601.4603198,596.7996913,593.1277493,589.3324736,585.1926935,580.5865052,576.3277556,thous km2
"Reference,date=2024-26-10T11:33:32-04:00",South America_Southern,otherarable,44.14334521,27.5454891,26.035685,35.7438723,35.38268621,34.55182397,33.96804445,33.34356338,32.6525781,31.88202832,31.20989621,thous km2
"Reference,date=2024-26-10T11:33:32-04:00",South America_Southern,pasture (grazed),69.11999205,101.0476585,115.1363979,134.5553296,141.6637421,152.6952748,160.9866906,168.6051871,175.6537091,182.4283622,188.7103626,thous km2
"Reference,date=2024-26-10T11:33:32-04:00",South America_Southern,pasture (other),902.7472671,896.0356366,892.4141987,877.8100981,869.2008151,856.3644519,846.4888189,836.4668508,825.6173229,813.6256469,802.6241731,thous km2
"Reference,date=2024-26-10T11:33:32-04:00",South America_Southern,rock and desert,391.095808,387.84162,386.6895,385.5293,385.5293,385.5293,385.5293,385.5293,385.5293,385.5293,385.5293,thous km2
"Reference,date=2024-26-10T11:33:32-04:00",South America_Southern,shrubs,165.9900863,160.59977,157.16081,151.2944,150.3220891,148.846521,147.6908007,146.493463,145.2029561,143.7624276,142.4253226,thous km2
"Reference,date=2024-26-10T11:33:32-04:00",South America_Southern,tundra,135.8023642,131.89863,128.42063,124.96,124.96,124.96,124.96,124.96,124.96,124.96,124.96,thous km2
"Reference,date=2024-26-10T11:33:32-04:00",South America_Southern,urban,4.55876551,6.54106,7.29809,7.90962,7.90962,7.90962,7.90962,7.90962,7.90962,7.90962,7.90962,thous km2
"Reference,date=2024-26-10T11:33:32-04:00",South Asia,biomass,0,0,0,0,0,0.381249548,1.29163042,2.606053331,4.462709219,7.127416469,9.915983572,thous km2
"Reference,date=2024-26-10T11:33:32-04:00",South Asia,crops,157.7831361,158.6985417,157.4245357,157.4473738,161.5560942,165.2630926,170.1351296,176.0462356,180.7071819,184.3673136,186.9459722,thous km2
"Reference,date=2024-26-10T11:33:32-04:00",South Asia,forest (managed),9.7751615,11.8347553,11.9548828,11.8459982,12.5579844,13.2186785,13.8769573,14.4106203,14.8313035,15.1628889,15.4311001,thous km2
"Reference,date=2024-26-10T11:33:32-04:00",South Asia,forest (unmanaged),129.2120641,131.2367908,131.3555986,131.0687804,126.4395514,121.9604954,116.2792534,111.2787884,107.1142034,103.4312394,100.3824594,thous km2
"Reference,date=2024-26-10T11:33:32-04:00",South Asia,grass,93.2075101,92.9754711,93.5170111,94.0687011,90.9715601,87.7609061,83.4404881,79.3765451,75.9760271,73.0119261,70.5528691,thous km2
"Reference,date=2024-26-10T11:33:32-04:00",South Asia,otherarable,59.35017,53.09456,52.98511,52.34646,49.47731,46.27799,41.81452,37.22959,33.36924,30.01912,27.27785,thous km2
"Reference,date=2024-26-10T11:33:32-04:00",South Asia,pasture (grazed),77.289892,88.162482,92.3916098,104.5860727,121.305343,139.052531,162.205388,181.895251,197.610069,210.45083,220.782972,thous km2
"Reference,date=2024-26-10T11:33:32-04:00",South Asia,pasture (other),253.2791795,243.3792276,239.19612,227.0304108,220.5263768,213.6713618,204.8395708,196.8102758,190.3465268,184.9247608,180.5695098,thous km2
"Reference,date=2024-26-10T11:33:32-04:00",South Asia,rock and desert,67.931151,67.770651,67.900141,67.691351,67.691351,67.691351,67.691351,67.691351,67.691351,67.691351,67.691351,thous km2
"Reference,date=2024-26-10T11:33:32-04:00",South Asia,shrubs,154.81673,155.09442,155.18739,155.34259,150.90206,146.14983,139.85314,134.08288,129.31852,125.24072,121.87739,thous km2
"Reference,date=2024-26-10T11:33:32-04:00",South Asia,tundra,22.26699,21.95502,21.95757,21.96076,21.96076,21.96076,21.96076,21.96076,21.96076,21.96076,21.96076,thous km2
"Reference,date=2024-26-10T11:33:32-04:00",South Asia,urban,1.5978713,2.3080602,2.6396702,3.1217501,3.1217501,3.1217501,3.1217501,3.1217501,3.1217501,3.1217501,3.1217501,thous km2
"Reference,date=2024-26-10T11:33:32-04:00",South Korea,biomass,0,0,0,0,0,0.571900542,1.163701715,1.699251931,2.62701495,4.29118489,5.97204632,thous km2
"Reference,date=2024-26-10T11:33:32-04:00",South Korea,crops,20.52840452,17.78107012,16.71952232,15.60607954,16.02519778,16.04499756,15.85065125,15.71496299,15.55967104,15.3768679,15.05204696,thous km2
"Reference,date=2024-26-10T11:33:32-04:00",South Korea,forest (managed),5.600632,12.691371,15.660106,20.83841,21.41543,21.77399,22.02076,22.20994,22.25381,22.09134,21.8418,thous km2
"Reference,date=2024-26-10T11:33:32-04:00",South Korea,forest (unmanaged),24.037047,17.69691,15.026318,9.984484,9.819572,9.662188,9.554822,9.456918,9.322107,9.105515,8.923602,thous km2
"Reference,date=2024-26-10T11:33:32-04:00",South Korea,grass,9.66346,9.40015,9.72,9.65164,9.50256,9.36028,9.26323,9.17472,9.05286,8.85706,8.69261,thous km2
"Reference,date=2024-26-10T11:33:32-04:00",South Korea,otherarable,0,0,0,0.74112,0.712396,0.69175,0.681092,0.670706,0.655875,0.630998,0.61276,thous km2
"Reference,date=2024-26-10T11:33:32-04:00",South Korea,pasture (grazed),0.553609,0.450712,0.458578,0.458588,0.474505,0.483255,0.489788,0.494977,0.497088,0.494437,0.49071,thous km2
"Reference,date=2024-26-10T11:33:32-04:00",South Korea,pasture (other),0.02913737,0.02372163,0.02413565,0.02413618,0.02345768,0.02285428,0.02244598,0.02208138,0.02160648,0.02087958,0.02028448,thous km2
"Reference,date=2024-26-10T11:33:32-04:00",South Korea,shrubs,38.63207,40.36526,40.63517,40.79767,40.12897,39.49087,39.05557,38.65857,38.11207,37.23387,36.49627,thous km2
"Reference,date=2024-26-10T11:33:32-04:00",South Korea,urban,1.80568,2.44084,2.60611,2.7479,2.7479,2.7479,2.7479,2.7479,2.7479,2.7479,2.7479,thous km2
"Reference,date=2024-26-10T11:33:32-04:00",Southeast Asia,biomass,0,0,0,0,0,4.911352351,12.09622279,20.09724953,29.88175202,41.91100231,54.05029464,thous km2
"Reference,date=2024-26-10T11:33:32-04:00",Southeast Asia,crops,536.0209677,625.737019,683.9285609,724.5503857,758.712501,787.4038945,812.8683956,834.7998621,855.0680418,875.5440611,889.3624761,thous km2
"Reference,date=2024-26-10T11:33:32-04:00",Southeast Asia,forest (managed),113.4207061,115.190189,134.2717537,147.7652128,153.576082,160.3168538,166.2641888,171.7718303,176.4710535,180.3068071,183.5355479,thous km2
"Reference,date=2024-26-10T11:33:32-04:00",Southeast Asia,forest (unmanaged),1890.494882,1856.152009,1804.38152,1759.465951,1725.401064,1691.037676,1658.271704,1628.155272,1598.672551,1567.955735,1543.211786,thous km2
"Reference,date=2024-26-10T11:33:32-04:00",Southeast Asia,grass,467.5696379,444.7828179,431.4917179,419.6743779,412.5691249,405.3800939,398.4999929,392.1398019,386.0302259,379.7651299,374.6394219,thous km2
"Reference,date=2024-26-10T11:33:32-04:00",Southeast Asia,otherarable,78.3502326,24.9390129,10.83121039,11.80478219,11.50691447,11.16317914,10.81755708,10.51519242,10.20517118,9.86777443,9.59377553,thous km2
"Reference,date=2024-26-10T11:33:32-04:00",Southeast Asia,pasture (grazed),47.1067685,60.8316529,60.6206334,60.4116004,62.39768453,64.40509643,66.21761768,67.91536696,69.39959805,70.71706029,71.93476012,thous km2
"Reference,date=2024-26-10T11:33:32-04:00",Southeast Asia,pasture (other),2.479304259,3.201657624,3.190556683,3.179556844,3.026425718,2.884534498,2.758470564,2.650571085,2.552194622,2.456171082,2.38149297,thous km2
"Reference,date=2024-26-10T11:33:32-04:00",Southeast Asia,rock and desert,0.6305599,0.6014799,0.5909499,0.5416798,0.5416798,0.5416798,0.5416798,0.5416798,0.5416798,0.5416798,0.5416798,thous km2
"Reference,date=2024-26-10T11:33:32-04:00",Southeast Asia,shrubs,16.446629,15.565478,15.299018,14.9276179,14.58803522,14.27663077,13.98412592,13.73386872,13.49770359,13.25565332,13.06944945,thous km2
"Reference,date=2024-26-10T11:33:32-04:00",Southeast Asia,tundra,1.73325,1.73325,1.73324,1.73324,1.73324,1.73324,1.73324,1.73324,1.73324,1.73324,1.73324,thous km2
"Reference,date=2024-26-10T11:33:32-04:00",Southeast Asia,urban,12.5177179,18.03610689,20.43182688,22.71653688,22.71653688,22.71653688,22.71653688,22.71653688,22.71653688,22.71653688,22.71653688,thous km2
"Reference,date=2024-26-10T11:33:32-04:00",Taiwan,biomass,0,0,0,0,0,0.013786655,0.032890813,0.057522177,0.124260406,0.319378881,0.548376257,thous km2
"Reference,date=2024-26-10T11:33:32-04:00",Taiwan,crops,5.658474868,4.902860003,4.904328873,4.906792068,4.942052361,4.909658651,4.81960423,4.736445659,4.63950592,4.540515114,4.42418498,thous km2
"Reference,date=2024-26-10T11:33:32-04:00",Taiwan,forest (managed),6.47187541,6.30827934,6.03816434,6.7451652,6.9713233,7.1753028,7.3415138,7.5130824,7.6493462,7.7133917,7.7294835,thous km2
"Reference,date=2024-26-10T11:33:32-04:00",Taiwan,forest (unmanaged),12.81933434,12.47154562,12.62976163,11.84224896,11.73307196,11.65211691,11.60811632,11.55973652,11.51595739,11.45234479,11.40118564,thous km2
"Reference,date=2024-26-10T11:33:32-04:00",Taiwan,grass,2.14885,1.907664,1.870269,1.846716,1.831567,1.820337,1.814232,1.807532,1.801469,1.792656,1.785568,thous km2
"Reference,date=2024-26-10T11:33:32-04:00",Taiwan,otherarable,0,0,0,0,0,0,0,0,0,0,0,thous km2
"Reference,date=2024-26-10T11:33:32-04:00",Taiwan,pasture (grazed),1.13802527,0.718336293,0.658823886,0.677746388,0.707960045,0.737210055,0.758073275,0.772198059,0.780805738,0.786610843,0.790763456,thous km2
"Reference,date=2024-26-10T11:33:32-04:00",Taiwan,pasture (other),5.51515576,6.99904071,7.05635188,7.03745742,6.87139515,6.74987927,6.68437187,6.61282518,6.54848457,6.45565762,6.38159294,thous km2
"Reference,date=2024-26-10T11:33:32-04:00",Taiwan,shrubs,0.07548764,0.06414894,0.07241014,0.07037984,0.06913864,0.06821854,0.06771834,0.06716934,0.06667264,0.06595054,0.06536974,thous km2
"Reference,date=2024-26-10T11:33:32-04:00",Taiwan,urban,1.47278,1.92812,2.06989,2.17348,2.17348,2.17348,2.17348,2.17348,2.17348,2.17348,2.17348,thous km2
"Reference,date=2024-26-10T11:33:32-04:00",USA,biomass,0,0,0,0,0,13.14186712,31.05903379,51.8409448,81.92632426,129.703254,179.7444981,thous km2
"Reference,date=2024-26-10T11:33:32-04:00",USA,crops,1197.348121,1204.93496,1160.577293,1153.31806,1186.589214,1216.093639,1235.767646,1256.92572,1293.316738,1353.569742,1399.914007,thous km2
"Reference,date=2024-26-10T11:33:32-04:00",USA,forest (managed),1478.731717,1427.432901,1249.989227,1283.499245,1333.93563,1377.434447,1420.005516,1463.562356,1500.780242,1526.25579,1545.263389,thous km2
"Reference,date=2024-26-10T11:33:32-04:00",USA,forest (unmanaged),701.089636,772.6753969,975.6240643,961.1494542,943.5860726,925.3817619,908.2236232,890.1263788,869.621527,845.1735923,824.016557,thous km2
"Reference,date=2024-26-10T11:33:32-04:00",USA,grass,1103.25456,1188.26958,1185.61029,1202.20147,1189.181203,1175.884199,1163.699232,1150.694661,1134.996188,1114.776024,1097.222339,thous km2
"Reference,date=2024-26-10T11:33:32-04:00",USA,otherarable,670.4896562,473.5009706,424.789659,354.7755141,345.9747082,336.5912204,327.8070767,318.6035004,307.604507,293.6637746,281.5918672,thous km2
"Reference,date=2024-26-10T11:33:32-04:00",USA,pasture (grazed),187.7440115,67.6287621,66.9292542,114.0697431,118.4297065,124.1440856,129.2785262,134.0429158,138.2559113,141.8815385,145.3132404,thous km2
"Reference,date=2024-26-10T11:33:32-04:00",USA,pasture (other),2186.669116,2369.242088,2427.277009,2408.359594,2362.653391,2315.12802,2271.403241,2225.131272,2168.512006,2094.8152,2031.192335,thous km2
"Reference,date=2024-26-10T11:33:32-04:00",USA,rock and desert,145.74387,145.27719,145.42728,145.57089,145.57089,145.57089,145.57089,145.57089,145.57089,145.57089,145.57089,thous km2
"Reference,date=2024-26-10T11:33:32-04:00",USA,shrubs,972.599622,975.434832,980.930701,986.8073,983.831247,980.381513,976.937912,973.251691,969.168046,964.34326,959.923403,thous km2
"Reference,date=2024-26-10T11:33:32-04:00",USA,tundra,391.75199,383.32132,382.40644,381.15627,381.15627,381.15627,381.15627,381.15627,381.15627,381.15627,381.15627,thous km2
"Reference,date=2024-26-10T11:33:32-04:00",USA,urban,89.9385,117.64165,125.79919,134.45224,134.45224,134.45224,134.45224,134.45224,134.45224,134.45224,134.45224,thous km2
